STDEV,Strain,DESeq
NCU01483,NCU01483,NCU01483
NCU08851,NCU08851,NCU05763
NCU16405,NCU16419,NCU08851
NCU03233,NCU04961,NCU16405
NCU16419,NCU11337,NCU16419
NCU05772,NCU02876,NCU05772
NCU01828,NCU03753,NCU04961
NCU16537,NCU05490,NCU11337
NCU04961,NCU16834,NCU08093
NCU11337,NCU06890,NCU10069
NCU08093,NCU05286,NCU00365
NCU10069,NCU04148,NCU02876
NCU00365,NCU00031,NCU03753
NCU09351,NCU09630,NCU05490
NCU02876,NCU07696,NCU16834
NCU11349,NCU07439,NCU06890
NCU03753,NCU03558,NCU05286
NCU05490,NCU00878,NCU04148
NCU04114,NCU00534,NCU09650
NCU10897,NCU06641,NCU00031
NCU16834,NCU08677,NCU09630
NCU06890,NCU03340,NCU07696
NCU05286,NCU16455,NCU07439
NCU11216,NCU16445,NCU03400
NCU04148,NCU07344,NCU03558
NCU00031,NCU11210,NCU07507
NCU00160,NCU07142,NCU00878
NCU09630,NCU10591,NCU02602
NCU07696,NCU04266,NCU05351
NCU07439,NCU16844,NCU00534
NCU03400,NCU01064,NCU06641
NCU03558,NCU16374,NCU00607
NCU07507,NCU08770,NCU08677
NCU16378,NCU01313,NCU03340
NCU00878,NCU02807,NCU16455
NCU02602,NCU05148,NCU03603
NCU05351,NCU06597,NCU16960
NCU00534,NCU06682,NCU00745
NCU06641,NCU08657,NCU16445
NCU00607,NCU06346,NCU07344
NCU08677,NCU16353,NCU00781
NCU03340,NCU06128,NCU11210
NCU16455,NCU17188,NCU07142
NCU03603,NCU07783,NCU10591
NCU01436,NCU16856,NCU04266
NCU06741,NCU07555,NCU16844
NCU00745,NCU04334,NCU08014
NCU06797,NCU16583,NCU01064
NCU16445,NCU07921,NCU16374
NCU07325,NCU07808,NCU08770
NCU06244,NCU04502,NCU03180
NCU04781,NCU09344,NCU01313
NCU07344,NCU16940,NCU08321
NCU11210,NCU04284,NCU02807
NCU07142,NCU08457,NCU05148
NCU05786,NCU05948,NCU16649
NCU10591,NCU05652,NCU08843
NCU08635,NCU01308,NCU09289
NCU04266,NCU05512,NCU06597
NCU16844,NCU01299,NCU05788
NCU08014,NCU07382,NCU06682
NCU01064,NCU02765,NCU00011
NCU16374,NCU16819,NCU08657
NCU08770,NCU00527,NCU06346
NCU09002,NCU08037,NCU02132
NCU06495,NCU09222,NCU16353
NCU03180,NCU05119,NCU06128
NCU01313,NCU05506,NCU09766
NCU07323,NCU11323,NCU17188
NCU02807,NCU07449,NCU07783
NCU05148,NCU03306,NCU16856
NCU09289,NCU16905,NCU07555
NCU06597,NCU04213,NCU04334
NCU04879,NCU05058,NCU16583
NCU16741,NCU16997,NCU07921
NCU11258,NCU05844,NCU07808
NCU16825,NCU17073,NCU04502
NCU06682,NCU08940,NCU09344
NCU00011,NCU01314,NCU08947
NCU08657,NCU04197,NCU16468
NCU06346,NCU07424,NCU16940
NCU05220,NCU16446,NCU04284
NCU16353,NCU03780,NCU01808
NCU06128,NCU02453,NCU02574
NCU09766,NCU05731,NCU17014
NCU17051,NCU17113,NCU04162
NCU17188,NCU02016,NCU17230
NCU07783,NCU16939,NCU08457
NCU07057,NCU03516,NCU05948
NCU16802,NCU06653,NCU16553
NCU16856,NCU04030,NCU05652
NCU07555,NCU02843,NCU07396
NCU04334,NCU05170,NCU16754
NCU09251,NCU01686,NCU01308
NCU16583,NCU08017,NCU09396
NCU07921,NCU01060,NCU05495
NCU17067,NCU04605,NCU16876
NCU07808,NCU10226,NCU05570
NCU04502,NCU01127,NCU05512
NCU16991,NCU07237,NCU16611
NCU09344,NCU07549,NCU06794
NCU08947,NCU02938,NCU07009
NCU16468,NCU04314,NCU01299
NCU16940,NCU03638,NCU07382
NCU04284,NCU07337,NCU03373
NCU01808,NCU03334,NCU06107
NCU17014,NCU02596,NCU00013
NCU17230,NCU11253,NCU02765
NCU08457,NCU07613,NCU16819
NCU05948,NCU17043,NCU00527
NCU16553,NCU09714,NCU08037
NCU05652,NCU02250,NCU09222
NCU02317,NCU03807,NCU05119
NCU00211,NCU05084,NCU04082
NCU07396,NCU00603,NCU07758
NCU16754,NCU03157,NCU04175
NCU00343,NCU01432,NCU05506
NCU01308,NCU06201,NCU11323
NCU09396,NCU00033,NCU07449
NCU03008,NCU00456,NCU03306
NCU05495,NCU05313,NCU16905
NCU16876,NCU12052,NCU04213
NCU05570,NCU04249,NCU05058
NCU05512,NCU10246,NCU05122
NCU03673,NCU00716,NCU03427
NCU07009,NCU02963,NCU16449
NCU01299,NCU00500,NCU16997
NCU07382,NCU08932,NCU08274
NCU06107,NCU16418,NCU05844
NCU02765,NCU16673,NCU17073
NCU16819,NCU07306,NCU08940
NCU00527,NCU17247,NCU05568
NCU16822,NCU07273,NCU01314
NCU08037,NCU01451,NCU04197
NCU09222,NCU08505,NCU07424
NCU05119,NCU12151,NCU04529
NCU04082,NCU08130,NCU06643
NCU07758,NCU08621,NCU16446
NCU04175,NCU01258,NCU03780
NCU05506,NCU08870,NCU02453
NCU11323,NCU00385,NCU06941
NCU07449,NCU05163,NCU05731
NCU11280,NCU03031,NCU09872
NCU03306,NCU03151,NCU17113
NCU08727,NCU02880,NCU02016
NCU16905,NCU16349,NCU05275
NCU09066,NCU08645,NCU16714
NCU04213,NCU08949,NCU16939
NCU05058,NCU06844,NCU03516
NCU05122,NCU03313,NCU06001
NCU04123,NCU07503,NCU06653
NCU16449,NCU09049,NCU07683
NCU16997,NCU00766,NCU05031
NCU08274,NCU04493,NCU04030
NCU05844,NCU00636,NCU09868
NCU17073,NCU16361,NCU02843
NCU08940,NCU06542,NCU06397
NCU08302,NCU07823,NCU09606
NCU17281,NCU17038,NCU05170
NCU12091,NCU08168,NCU01686
NCU01314,NCU16500,NCU08017
NCU04197,NCU07466,NCU01060
NCU07424,NCU04140,NCU04605
NCU04529,NCU07051,NCU10226
NCU06643,NCU09235,NCU02595
NCU16446,NCU16710,NCU00961
NCU03780,NCU00147,NCU10301
NCU02453,NCU17258,NCU03401
NCU06941,NCU00327,NCU16473
NCU17232,NCU05498,NCU04563
NCU17074,NCU07756,NCU01127
NCU05731,NCU00218,NCU16589
NCU00574,NCU08463,NCU01424
NCU17113,NCU04635,NCU05277
NCU02016,NCU00704,NCU07237
NCU05275,NCU17187,NCU07549
NCU16714,NCU00078,NCU08079
NCU16939,NCU04039,NCU02938
NCU03516,NCU11212,NCU04107
NCU06001,NCU05379,NCU04314
NCU06653,NCU07454,NCU03638
NCU07683,NCU03205,NCU01942
NCU01101,NCU06966,NCU07337
NCU05031,NCU03775,NCU05515
NCU04030,NCU05863,NCU05981
NCU09868,NCU02660,NCU03334
NCU02843,NCU01276,NCU02596
NCU08860,NCU06589,NCU04962
NCU06397,NCU07776,NCU09339
NCU09606,NCU07272,NCU11253
NCU05170,NCU05630,NCU02767
NCU01686,NCU07345,NCU10404
NCU08017,NCU03383,NCU07613
NCU00569,NCU16384,NCU17043
NCU08043,NCU06876,NCU09714
NCU01060,NCU02722,NCU02250
NCU04605,NCU00399,NCU03807
NCU10226,NCU02932,NCU05084
NCU02595,NCU17136,NCU09147
NCU01962,NCU08121,NCU00603
NCU10301,NCU07091,NCU09255
NCU03401,NCU16742,NCU03157
NCU16473,NCU06875,NCU01432
NCU04563,NCU17044,NCU06201
NCU01127,NCU07311,NCU00033
NCU16589,NCU07506,NCU01526
NCU05277,NCU05988,NCU07751
NCU07237,NCU08922,NCU00456
NCU07549,NCU03208,NCU05313
NCU08079,NCU11279,NCU12052
NCU02938,NCU04533,NCU01045
NCU06730,NCU03984,NCU08100
NCU04107,NCU04317,NCU04249
NCU00995,NCU02643,NCU10246
NCU04314,NCU09263,NCU04405
NCU06156,NCU02573,NCU02133
NCU03638,NCU02773,NCU09761
NCU01942,NCU04482,NCU17277
NCU07337,NCU00111,NCU00716
NCU05515,NCU05703,NCU02963
NCU05981,NCU06748,NCU05623
NCU03334,NCU06300,NCU00500
NCU10777,NCU08113,NCU08932
NCU02596,NCU08678,NCU16418
NCU03791,NCU07245,NCU16673
NCU08395,NCU08055,NCU01891
NCU11253,NCU04675,NCU07845
NCU05651,NCU04588,NCU07306
NCU02767,NCU09623,NCU16738
NCU10404,NCU00726,NCU08866
NCU07613,NCU07432,NCU17247
NCU17043,NCU05755,NCU07273
NCU09714,NCU02526,NCU01451
NCU02250,NCU07430,NCU02939
NCU03807,NCU06031,NCU08505
NCU05084,NCU02174,NCU06007
NCU02289,NCU02061,NCU12151
NCU00603,NCU08432,NCU16664
NCU09255,NCU01636,NCU08130
NCU03157,NCU02882,NCU09331
NCU01432,NCU08028,NCU08621
NCU06201,NCU02579,NCU01258
NCU09330,NCU09534,NCU07279
NCU08996,NCU04416,NCU09841
NCU04913,NCU08193,NCU08870
NCU00033,NCU10152,NCU00385
NCU09685,NCU10521,NCU06120
NCU00456,NCU06035,NCU05163
NCU00418,NCU05005,NCU03031
NCU03148,NCU09013,NCU03151
NCU08030,NCU00132,NCU02880
NCU05313,NCU04360,NCU01109
NCU17069,NCU06228,NCU16349
NCU12052,NCU05780,NCU16911
NCU01045,NCU01516,NCU08645
NCU08100,NCU02499,NCU08949
NCU04249,NCU07898,NCU06844
NCU05628,NCU10893,NCU03313
NCU10246,NCU02623,NCU08416
NCU04405,NCU06603,NCU05401
NCU02133,NCU03908,NCU09442
NCU09761,NCU05147,NCU07503
NCU00431,NCU04309,NCU09049
NCU00716,NCU06130,NCU00766
NCU02963,NCU08095,NCU09620
NCU05623,NCU01213,NCU04493
NCU10618,NCU02027,NCU00636
NCU00500,NCU09674,NCU10107
NCU08932,NCU04466,NCU16361
NCU16418,NCU07550,NCU06542
NCU10477,NCU00623,NCU03583
NCU09078,NCU02888,NCU07823
NCU16673,NCU00519,NCU17038
NCU01891,NCU07120,NCU08168
NCU07845,NCU05631,NCU16500
NCU07306,NCU00504,NCU07466
NCU01292,NCU06372,NCU04140
NCU04336,NCU02923,NCU07370
NCU16738,NCU04555,NCU07051
NCU05507,NCU12125,NCU09235
NCU08866,NCU00830,NCU09973
NCU17247,NCU02124,NCU04926
NCU07273,NCU09560,NCU08332
NCU01451,NCU07733,NCU06938
NCU16719,NCU16861,NCU16710
NCU08505,NCU01112,NCU00147
NCU01223,NCU07485,NCU17258
NCU06007,NCU05712,NCU00327
NCU12151,NCU11201,NCU09619
NCU16664,NCU07906,NCU05498
NCU08130,NCU11196,NCU07756
NCU00264,NCU00590,NCU03282
NCU02108,NCU00606,NCU00218
NCU09331,NCU07518,NCU08463
NCU01855,NCU07170,NCU04635
NCU08621,NCU05706,NCU08224
NCU02013,NCU05574,NCU16307
NCU01258,NCU07486,NCU00704
NCU09841,NCU07267,NCU17187
NCU08870,NCU02601,NCU07748
NCU00385,NCU07943,NCU00078
NCU04098,NCU00737,NCU04946
NCU06120,NCU05766,NCU04039
NCU05163,NCU05024,NCU11212
NCU03031,NCU16806,NCU16409
NCU08455,NCU00116,NCU07428
NCU03151,NCU17055,NCU05379
NCU02880,NCU09057,NCU03967
NCU01109,NCU06920,NCU07454
NCU01145,NCU10889,NCU02774
NCU16349,NCU00245,NCU06911
NCU16911,NCU00659,NCU03205
NCU08645,NCU08946,NCU01444
NCU08949,NCU12028,NCU06966
NCU06844,NCU04202,NCU03775
NCU03313,NCU09474,NCU07095
NCU08416,NCU05757,NCU05863
NCU05401,NCU07049,NCU02660
NCU06464,NCU07232,NCU01276
NCU09442,NCU04526,NCU16441
NCU07503,NCU09421,NCU06589
NCU05227,NCU01904,NCU07776
NCU02529,NCU08568,NCU07272
NCU09049,NCU01877,NCU05630
NCU00766,NCU04735,NCU06046
NCU04493,NCU02335,NCU07345
NCU00636,NCU02480,NCU03383
NCU07327,NCU08943,NCU16384
NCU10107,NCU03749,NCU06876
NCU16715,NCU00864,NCU09461
NCU03293,NCU04655,NCU03034
NCU16361,NCU05488,NCU09986
NCU06542,NCU08133,NCU02041
NCU03583,NCU17137,NCU01555
NCU07823,NCU09035,NCU06880
NCU17038,NCU08549,NCU02921
NCU08168,NCU17268,NCU16501
NCU16500,NCU17270,NCU02722
NCU07466,NCU00175,NCU06683
NCU04140,NCU01585,NCU08786
NCU07370,NCU01989,NCU00399
NCU07051,NCU00360,NCU02932
NCU09235,NCU01233,NCU02396
NCU09973,NCU06977,NCU17136
NCU04926,NCU04109,NCU08121
NCU08332,NCU01511,NCU07091
NCU16710,NCU08018,NCU16742
NCU00147,NCU08330,NCU06875
NCU17258,NCU01735,NCU17044
NCU03873,NCU03803,NCU07311
NCU00327,NCU17100,NCU07506
NCU05498,NCU10006,NCU11305
NCU07756,NCU09600,NCU05988
NCU03282,NCU05345,NCU08922
NCU08720,NCU02340,NCU03208
NCU00218,NCU07661,NCU11279
NCU06588,NCU02018,NCU09754
NCU06509,NCU10012,NCU09970
NCU08463,NCU09043,NCU04533
NCU04635,NCU06127,NCU03984
NCU08224,NCU05341,NCU04317
NCU08359,NCU05448,NCU02643
NCU16307,NCU06448,NCU09263
NCU00704,NCU08057,NCU02573
NCU17187,NCU09119,NCU05112
NCU03284,NCU07991,NCU08187
NCU00105,NCU03003,NCU06795
NCU07748,NCU09821,NCU06912
NCU00078,NCU17267,NCU02773
NCU04946,NCU03617,NCU02801
NCU16791,NCU09403,NCU08186
NCU10507,NCU10055,NCU02818
NCU04039,NCU03569,NCU00708
NCU11212,NCU09306,NCU09896
NCU04061,NCU03851,NCU04482
NCU05778,NCU06348,NCU00111
NCU07428,NCU11307,NCU02691
NCU05379,NCU03332,NCU05703
NCU03967,NCU06550,NCU06748
NCU07454,NCU08495,NCU05248
NCU09632,NCU07360,NCU06300
NCU02984,NCU10894,NCU07510
NCU02329,NCU04960,NCU09523
NCU02774,NCU06587,NCU08113
NCU03205,NCU03310,NCU09964
NCU01444,NCU05817,NCU08678
NCU06966,NCU08691,NCU07245
NCU03775,NCU01750,NCU08055
NCU07095,NCU04845,NCU02855
NCU05863,NCU05714,NCU04675
NCU02660,NCU02338,NCU04588
NCU01276,NCU01092,NCU09623
NCU05262,NCU16716,NCU07626
NCU16441,NCU00748,NCU00726
NCU06589,NCU07069,NCU07432
NCU07776,NCU06045,NCU05755
NCU07272,NCU03413,NCU02526
NCU05630,NCU09553,NCU07430
NCU07345,NCU06974,NCU04542
NCU03383,NCU03362,NCU09627
NCU16384,NCU07738,NCU06031
NCU05707,NCU01689,NCU09653
NCU06876,NCU01521,NCU00425
NCU09461,NCU05834,NCU02174
NCU09986,NCU03087,NCU02061
NCU02041,NCU07354,NCU08432
NCU01555,NCU09495,NCU02941
NCU06880,NCU02192,NCU01636
NCU16501,NCU09053,NCU02882
NCU02722,NCU01759,NCU08028
NCU07467,NCU01957,NCU02579
NCU07178,NCU01196,NCU09534
NCU04307,NCU07851,NCU04416
NCU06683,NCU04510,NCU08193
NCU08786,NCU09532,NCU10152
NCU00399,NCU12152,NCU10521
NCU02932,NCU02930,NCU17284
NCU02396,NCU08146,NCU06035
NCU17136,NCU16860,NCU05005
NCU00253,NCU09611,NCU12035
NCU08121,NCU07927,NCU09013
NCU07091,NCU00975,NCU00132
NCU04491,NCU08092,NCU05290
NCU08954,NCU04923,NCU04710
NCU16823,NCU02798,NCU08257
NCU16742,NCU09390,NCU04360
NCU06875,NCU06326,NCU06228
NCU02125,NCU05764,NCU03430
NCU04525,NCU06150,NCU05780
NCU17044,NCU06471,NCU05983
NCU07311,NCU07846,NCU01516
NCU07506,NCU11186,NCU01215
NCU04513,NCU01107,NCU08390
NCU11305,NCU04914,NCU02499
NCU05988,NCU04676,NCU05768
NCU05022,NCU01900,NCU06747
NCU08922,NCU17041,NCU07898
NCU02948,NCU04791,NCU10893
NCU16746,NCU07474,NCU01713
NCU03208,NCU09596,NCU03000
NCU11279,NCU04899,NCU02623
NCU09754,NCU09783,NCU03283
NCU03170,NCU10292,NCU00502
NCU04533,NCU02116,NCU06603
NCU03984,NCU09195,NCU03908
NCU04317,NCU09160,NCU05147
NCU02643,NCU16698,NCU04309
NCU09263,NCU01419,NCU06130
NCU02573,NCU09570,NCU08095
NCU07806,NCU04825,NCU01213
NCU06795,NCU09054,NCU02027
NCU06912,NCU03736,NCU09674
NCU02773,NCU09855,NCU04466
NCU02801,NCU02540,NCU16438
NCU02818,NCU12067,NCU07550
NCU00708,NCU06717,NCU00623
NCU09896,NCU10595,NCU16552
NCU04482,NCU09041,NCU02888
NCU03805,NCU00838,NCU04583
NCU00111,NCU00227,NCU00519
NCU02508,NCU02162,NCU09096
NCU02691,NCU04727,NCU07036
NCU05703,NCU04086,NCU07120
NCU06748,NCU08827,NCU02947
NCU05248,NCU03296,NCU06549
NCU04699,NCU05037,NCU05631
NCU05534,NCU09345,NCU00504
NCU06300,NCU09775,NCU06372
NCU01792,NCU09058,NCU02923
NCU09523,NCU06936,NCU02854
NCU09865,NCU07167,NCU12154
NCU08113,NCU03112,NCU04555
NCU09964,NCU05036,NCU12125
NCU08678,NCU01190,NCU00830
NCU00977,NCU06110,NCU09582
NCU01371,NCU11259,NCU02124
NCU07245,NCU17225,NCU00303
NCU08055,NCU09285,NCU09560
NCU01920,NCU03358,NCU07733
NCU08233,NCU00537,NCU01114
NCU10500,NCU07834,NCU04237
NCU00003,NCU01148,NCU16861
NCU02855,NCU04940,NCU01112
NCU01343,NCU02157,NCU07485
NCU04675,NCU10761,NCU05712
NCU04588,NCU07434,NCU11201
NCU08676,NCU02973,NCU07906
NCU09623,NCU07363,NCU02779
NCU07626,NCU04908,NCU08191
NCU06751,NCU00597,NCU06136
NCU00726,NCU04627,NCU05893
NCU07432,NCU04797,NCU00859
NCU05755,NCU00903,NCU11196
NCU02526,NCU02376,NCU00590
NCU03300,NCU09705,NCU00606
NCU07430,NCU07509,NCU07518
NCU09627,NCU00972,NCU07170
NCU06031,NCU08164,NCU06237
NCU09653,NCU04180,NCU16333
NCU00425,NCU04815,NCU05706
NCU02174,NCU04775,NCU05574
NCU02061,NCU02513,NCU07486
NCU08432,NCU09579,NCU07267
NCU02941,NCU05418,NCU04261
NCU01636,NCU01185,NCU02601
NCU02882,NCU01816,NCU07943
NCU06261,NCU00346,NCU00737
NCU05303,NCU05896,NCU01136
NCU01475,NCU04028,NCU09383
NCU08028,NCU06080,NCU06905
NCU09364,NCU03439,NCU03696
NCU02890,NCU08324,NCU05766
NCU02579,NCU09794,NCU04928
NCU09534,NCU00305,NCU05024
NCU11053,NCU09052,NCU16806
NCU04416,NCU02333,NCU00116
NCU00881,NCU06108,NCU17055
NCU08193,NCU01861,NCU09057
NCU10152,NCU08039,NCU06920
NCU10521,NCU06009,NCU10889
NCU06035,NCU04657,NCU06086
NCU00215,NCU05131,NCU06919
NCU05005,NCU09225,NCU00245
NCU12035,NCU01598,NCU07694
NCU09013,NCU09231,NCU05237
NCU03634,NCU07807,NCU00659
NCU00132,NCU07953,NCU08946
NCU05290,NCU00080,NCU03086
NCU01016,NCU01275,NCU04246
NCU00663,NCU05149,NCU12028
NCU04360,NCU06479,NCU04202
NCU06228,NCU06861,NCU09474
NCU04509,NCU04662,NCU05757
NCU02799,NCU05974,NCU01975
NCU16917,NCU00236,NCU03752
NCU05780,NCU05176,NCU07138
NCU06958,NCU00173,NCU07049
NCU03891,NCU08337,NCU07915
NCU02967,NCU00314,NCU07232
NCU11209,NCU02705,NCU00299
NCU01516,NCU01351,NCU04526
NCU01922,NCU02560,NCU09421
NCU01215,NCU07081,NCU01904
NCU08390,NCU03732,NCU08568
NCU02499,NCU09271,NCU01877
NCU07898,NCU06575,NCU02064
NCU06664,NCU00549,NCU04735
NCU09699,NCU11245,NCU02335
NCU10893,NCU06303,NCU02480
NCU01713,NCU02654,NCU08943
NCU09283,NCU03813,NCU03749
NCU03000,NCU09117,NCU09599
NCU02623,NCU11416,NCU00864
NCU03283,NCU11195,NCU04655
NCU00502,NCU03670,NCU05488
NCU16651,NCU04452,NCU08133
NCU06603,NCU09931,NCU04304
NCU03908,NCU12034,NCU08183
NCU05147,NCU02152,NCU02029
NCU04594,NCU07723,NCU17137
NCU05166,NCU07349,NCU09035
NCU04309,NCU06652,NCU08549
NCU06130,NCU09517,NCU17268
NCU08095,NCU08171,NCU17270
NCU01213,NCU07465,NCU03078
NCU02027,NCU01493,NCU00175
NCU09674,NCU00185,NCU01585
NCU04466,NCU04921,NCU02713
NCU09848,NCU02757,NCU09455
NCU07550,NCU03830,NCU01989
NCU00623,NCU10037,NCU00360
NCU16552,NCU08746,NCU01233
NCU02888,NCU02360,NCU06977
NCU02381,NCU05074,NCU04109
NCU00146,NCU05841,NCU01511
NCU04583,NCU07132,NCU08018
NCU00519,NCU01071,NCU08330
NCU09096,NCU10015,NCU10270
NCU00729,NCU08156,NCU01735
NCU07120,NCU09430,NCU03803
NCU02947,NCU04597,NCU09491
NCU06549,NCU09924,NCU17100
NCU06622,NCU06981,NCU10006
NCU16659,NCU06417,NCU08456
NCU05631,NCU07379,NCU07977
NCU00504,NCU07080,NCU09600
NCU06372,NCU04085,NCU05345
NCU08038,NCU10865,NCU02340
NCU02923,NCU02005,NCU07581
NCU02854,NCU09800,NCU07661
NCU12154,NCU00666,NCU09519
NCU04555,NCU02771,NCU02018
NCU12125,NCU02887,NCU03884
NCU00830,NCU07649,NCU10012
NCU00974,NCU05419,NCU09043
NCU09582,NCU04099,NCU06127
NCU02124,NCU16699,NCU05341
NCU06019,NCU04897,NCU05448
NCU00303,NCU08383,NCU06448
NCU09560,NCU04323,NCU08057
NCU07733,NCU03322,NCU09119
NCU01114,NCU08173,NCU07991
NCU04237,NCU05306,NCU03003
NCU16861,NCU09498,NCU09821
NCU01112,NCU11367,NCU17267
NCU07485,NCU09161,NCU05571
NCU05712,NCU07124,NCU03617
NCU11201,NCU00886,NCU07586
NCU07906,NCU08516,NCU07904
NCU02779,NCU09718,NCU16972
NCU08191,NCU05762,NCU03909
NCU06136,NCU10932,NCU11264
NCU05893,NCU07703,NCU02395
NCU00859,NCU06576,NCU00867
NCU00397,NCU01057,NCU11054
NCU03530,NCU01546,NCU09403
NCU02608,NCU02322,NCU10055
NCU01815,NCU01972,NCU02071
NCU11196,NCU04347,NCU03569
NCU00590,NCU08667,NCU09306
NCU07518,NCU00994,NCU03851
NCU07170,NCU01830,NCU06348
NCU02737,NCU08699,NCU00326
NCU06237,NCU05272,NCU06227
NCU05706,NCU05161,NCU11370
NCU05574,NCU06412,NCU04058
NCU07486,NCU00792,NCU16745
NCU02138,NCU01866,NCU11307
NCU07267,NCU09646,NCU03332
NCU04261,NCU06978,NCU02998
NCU02601,NCU07302,NCU09776
NCU07943,NCU00884,NCU07842
NCU00737,NCU09533,NCU06550
NCU01136,NCU03913,NCU06610
NCU09383,NCU07621,NCU08495
NCU07858,NCU05625,NCU07360
NCU05569,NCU04368,NCU10894
NCU06905,NCU00973,NCU04960
NCU06599,NCU00522,NCU06587
NCU03696,NCU11368,NCU03310
NCU07725,NCU01592,NCU05817
NCU05766,NCU01629,NCU00487
NCU02991,NCU08291,NCU00871
NCU04928,NCU16657,NCU05256
NCU05024,NCU05882,NCU08691
NCU16806,NCU07422,NCU06700
NCU00116,NCU06807,NCU01750
NCU17055,NCU09676,NCU04845
NCU09029,NCU02014,NCU02711
NCU10567,NCU02400,NCU05714
NCU09057,NCU03280,NCU02338
NCU06920,NCU11331,NCU09477
NCU10889,NCU09988,NCU01645
NCU06086,NCU08624,NCU05761
NCU06919,NCU08863,NCU05607
NCU00245,NCU03092,NCU01024
NCU07694,NCU03198,NCU04070
NCU05237,NCU05537,NCU01092
NCU09489,NCU08111,NCU16716
NCU00659,NCU00787,NCU00748
NCU09682,NCU06964,NCU09278
NCU08946,NCU06983,NCU05244
NCU03086,NCU09732,NCU00265
NCU00369,NCU05821,NCU00187
NCU09473,NCU04997,NCU07069
NCU12028,NCU05142,NCU06045
NCU04202,NCU09656,NCU03413
NCU16729,NCU02326,NCU09553
NCU05229,NCU00655,NCU06974
NCU09474,NCU06543,NCU03362
NCU05757,NCU05594,NCU07738
NCU07585,NCU01905,NCU00619
NCU01975,NCU07452,NCU01689
NCU03752,NCU04932,NCU07958
NCU07138,NCU06125,NCU01521
NCU07049,NCU02291,NCU05834
NCU07915,NCU06655,NCU03087
NCU07232,NCU11278,NCU02523
NCU00299,NCU08518,NCU07354
NCU04526,NCU10538,NCU04701
NCU09421,NCU01041,NCU09495
NCU01904,NCU09647,NCU04342
NCU08568,NCU06018,NCU09816
NCU01877,NCU04854,NCU02192
NCU02064,NCU07298,NCU09053
NCU04735,NCU11041,NCU08227
NCU02335,NCU06131,NCU01759
NCU02480,NCU04801,NCU01957
NCU08943,NCU07891,NCU02520
NCU03749,NCU05964,NCU04741
NCU09599,NCU01373,NCU01196
NCU01061,NCU05756,NCU07851
NCU00864,NCU05104,NCU05669
NCU04655,NCU07064,NCU04510
NCU05488,NCU08671,NCU04301
NCU08133,NCU01573,NCU09532
NCU04304,NCU07448,NCU12152
NCU17137,NCU02227,NCU10285
NCU09099,NCU04419,NCU09141
NCU09035,NCU04556,NCU04218
NCU08549,NCU04443,NCU02930
NCU17268,NCU01652,NCU08146
NCU17270,NCU06613,NCU01506
NCU03078,NCU05668,NCU16860
NCU08026,NCU01195,NCU09611
NCU00175,NCU11395,NCU04803
NCU04613,NCU08447,NCU07017
NCU01585,NCU08872,NCU08760
NCU09911,NCU04025,NCU07927
NCU02713,NCU04539,NCU00975
NCU09947,NCU04823,NCU08092
NCU01989,NCU05916,NCU04923
NCU00360,NCU07112,NCU02798
NCU04401,NCU09350,NCU09390
NCU01233,NCU02302,NCU06326
NCU06977,NCU11342,NCU05764
NCU10067,NCU07034,NCU06150
NCU09036,NCU07604,NCU06471
NCU04109,NCU16496,NCU07846
NCU01511,NCU07140,NCU00030
NCU08018,NCU02597,NCU11186
NCU08330,NCU09538,NCU01107
NCU10270,NCU06773,NCU04914
NCU09959,NCU04168,NCU04676
NCU01735,NCU03347,NCU04596
NCU03803,NCU10051,NCU01900
NCU09491,NCU09971,NCU04244
NCU17100,NCU07253,NCU17041
NCU10006,NCU05499,NCU04791
NCU09719,NCU08669,NCU07474
NCU08456,NCU05060,NCU09596
NCU09600,NCU02042,NCU04899
NCU05345,NCU09864,NCU06490
NCU02340,NCU02712,NCU07394
NCU07661,NCU01692,NCU08250
NCU09519,NCU04499,NCU01093
NCU02018,NCU08790,NCU09783
NCU04996,NCU01032,NCU10292
NCU03884,NCU09470,NCU02116
NCU10012,NCU05143,NCU06694
NCU08269,NCU05855,NCU09195
NCU09043,NCU04421,NCU09160
NCU06127,NCU03231,NCU05616
NCU05341,NCU09904,NCU16698
NCU05448,NCU09402,NCU01419
NCU06448,NCU09311,NCU09570
NCU08057,NCU00130,NCU04825
NCU09119,NCU02549,NCU05068
NCU07991,NCU05387,NCU09054
NCU06577,NCU03755,NCU07201
NCU03003,NCU16370,NCU03736
NCU09821,NCU04734,NCU09855
NCU17267,NCU16890,NCU02540
NCU05571,NCU08154,NCU12067
NCU03617,NCU05883,NCU06717
NCU07586,NCU09237,NCU10595
NCU07904,NCU01065,NCU09041
NCU16972,NCU02126,NCU00838
NCU04487,NCU06658,NCU00227
NCU03909,NCU06387,NCU02162
NCU09617,NCU03513,NCU07107
NCU11264,NCU07271,NCU04727
NCU02395,NCU03153,NCU02097
NCU06043,NCU02479,NCU04086
NCU00867,NCU07959,NCU08827
NCU09403,NCU05304,NCU03296
NCU10055,NCU08953,NCU05037
NCU08433,NCU07860,NCU09345
NCU02071,NCU09151,NCU00839
NCU03569,NCU06783,NCU02924
NCU09306,NCU08793,NCU09775
NCU04016,NCU05156,NCU09568
NCU03851,NCU01769,NCU09058
NCU06348,NCU06497,NCU06936
NCU00326,NCU09170,NCU07167
NCU06227,NCU09702,NCU03112
NCU11370,NCU16898,NCU05036
NCU03735,NCU17186,NCU01190
NCU11307,NCU02536,NCU06110
NCU03332,NCU10436,NCU11259
NCU02998,NCU03710,NCU03511
NCU09776,NCU02060,NCU01867
NCU07842,NCU03793,NCU17225
NCU06550,NCU04762,NCU09285
NCU03660,NCU05843,NCU03358
NCU06610,NCU09649,NCU00537
NCU08495,NCU09535,NCU07834
NCU07360,NCU03415,NCU01148
NCU10894,NCU07094,NCU04940
NCU07773,NCU01074,NCU02157
NCU00359,NCU00576,NCU10761
NCU10828,NCU06159,NCU07434
NCU04960,NCU02031,NCU02973
NCU06587,NCU07053,NCU08044
NCU03310,NCU05818,NCU10501
NCU09138,NCU05699,NCU07363
NCU00216,NCU02665,NCU04908
NCU07386,NCU06220,NCU00597
NCU05094,NCU02926,NCU04627
NCU05817,NCU04078,NCU07240
NCU00487,NCU08272,NCU04797
NCU00244,NCU02542,NCU00903
NCU05914,NCU09456,NCU02376
NCU05256,NCU09698,NCU09705
NCU08691,NCU05680,NCU07509
NCU06700,NCU00604,NCU00972
NCU01750,NCU08643,NCU08164
NCU04845,NCU10036,NCU04180
NCU02711,NCU02883,NCU02142
NCU05714,NCU02849,NCU04815
NCU02338,NCU03174,NCU10028
NCU09477,NCU02046,NCU04775
NCU01645,NCU00076,NCU02513
NCU05607,NCU15836,NCU09579
NCU03918,NCU05157,NCU05418
NCU01024,NCU17115,NCU01185
NCU04070,NCU03257,NCU02363
NCU01092,NCU00605,NCU06493
NCU16716,NCU00732,NCU01816
NCU00748,NCU00293,NCU00346
NCU09278,NCU05848,NCU05896
NCU05244,NCU00987,NCU02028
NCU00476,NCU07305,NCU04028
NCU01504,NCU09210,NCU00847
NCU07069,NCU00951,NCU06080
NCU06045,NCU11288,NCU03439
NCU03413,NCU08354,NCU08324
NCU09553,NCU02879,NCU02459
NCU06974,NCU04013,NCU08522
NCU03362,NCU01512,NCU09794
NCU07738,NCU11295,NCU00305
NCU00619,NCU04474,NCU09052
NCU01689,NCU02188,NCU02333
NCU07958,NCU05045,NCU06108
NCU07494,NCU08924,NCU01861
NCU01521,NCU02252,NCU08039
NCU05834,NCU05519,NCU06009
NCU03087,NCU01209,NCU06965
NCU02523,NCU03931,NCU04657
NCU07354,NCU05597,NCU06537
NCU04701,NCU06803,NCU04332
NCU09495,NCU10011,NCU05131
NCU04342,NCU01593,NCU09225
NCU09816,NCU06006,NCU05653
NCU02192,NCU08531,NCU01598
NCU09053,NCU09715,NCU07233
NCU08227,NCU00536,NCU00260
NCU01759,NCU03082,NCU09231
NCU01957,NCU07008,NCU07807
NCU02240,NCU00620,NCU07953
NCU04949,NCU07312,NCU00080
NCU17108,NCU08232,NCU09040
NCU02875,NCU09185,NCU06071
NCU02520,NCU05114,NCU10035
NCU06662,NCU03197,NCU01275
NCU00720,NCU06745,NCU05149
NCU04741,NCU07489,NCU06479
NCU01196,NCU06266,NCU06861
NCU07851,NCU04672,NCU07662
NCU05669,NCU01633,NCU00028
NCU04510,NCU15829,NCU06003
NCU01779,NCU09155,NCU00026
NCU04301,NCU02690,NCU04662
NCU04087,NCU07153,NCU05974
NCU05101,NCU05278,NCU09178
NCU09532,NCU10008,NCU07013
NCU09735,NCU09771,NCU10273
NCU05921,NCU02732,NCU05126
NCU12152,NCU07623,NCU10896
NCU08475,NCU09163,NCU08797
NCU02930,NCU08112,NCU00236
NCU08146,NCU00936,NCU00051
NCU07402,NCU08687,NCU06142
NCU04206,NCU06316,NCU05176
NCU06275,NCU08152,NCU05915
NCU01506,NCU00988,NCU00173
NCU16860,NCU01715,NCU06232
NCU09611,NCU07332,NCU08337
NCU04803,NCU07849,NCU00314
NCU16765,NCU06895,NCU02705
NCU07017,NCU02927,NCU02528
NCU08760,NCU05598,NCU03739
NCU07927,NCU11362,NCU01351
NCU00975,NCU03667,NCU02560
NCU08092,NCU10007,NCU03541
NCU04923,NCU07517,NCU07081
NCU03704,NCU16968,NCU03820
NCU02798,NCU10276,NCU03732
NCU09390,NCU05968,NCU08476
NCU06326,NCU05627,NCU09271
NCU05764,NCU09424,NCU06575
NCU06150,NCU07072,NCU05977
NCU06471,NCU02936,NCU00549
NCU07846,NCU03066,NCU11245
NCU00030,NCU05069,NCU07810
NCU11186,NCU07063,NCU16506
NCU01107,NCU07202,NCU09689
NCU04914,NCU17083,NCU06303
NCU04676,NCU01731,NCU02654
NCU04596,NCU05735,NCU03813
NCU07384,NCU05819,NCU09176
NCU02730,NCU03188,NCU03853
NCU01900,NCU07607,NCU09117
NCU04244,NCU08145,NCU04744
NCU17041,NCU06305,NCU08795
NCU01075,NCU00937,NCU11416
NCU04791,NCU09907,NCU09694
NCU07474,NCU07334,NCU03534
NCU09596,NCU07281,NCU11195
NCU04899,NCU04415,NCU03670
NCU06490,NCU02704,NCU04452
NCU07394,NCU04532,NCU09931
NCU08250,NCU07839,NCU12034
NCU09783,NCU07343,NCU07697
NCU10292,NCU00844,NCU06314
NCU02116,NCU08050,NCU02152
NCU00364,NCU02296,NCU07723
NCU09195,NCU08864,NCU07349
NCU09160,NCU07129,NCU06652
NCU05616,NCU11306,NCU09517
NCU16698,NCU06917,NCU07797
NCU01419,NCU04194,NCU08171
NCU09570,NCU07175,NCU07465
NCU04825,NCU01589,NCU01493
NCU05068,NCU04359,NCU00185
NCU09054,NCU02383,NCU04921
NCU07201,NCU02397,NCU08190
NCU03736,NCU08980,NCU10048
NCU09855,NCU08069,NCU02757
NCU02540,NCU09352,NCU01347
NCU12067,NCU02058,NCU03830
NCU06717,NCU05979,NCU03043
NCU10595,NCU07083,NCU10037
NCU09041,NCU04303,NCU00349
NCU00838,NCU08747,NCU08746
NCU00227,NCU00648,NCU03404
NCU02162,NCU00630,NCU02360
NCU07107,NCU04547,NCU06811
NCU07791,NCU09266,NCU08185
NCU04727,NCU06153,NCU05501
NCU02097,NCU07668,NCU05074
NCU04086,NCU06005,NCU05841
NCU08827,NCU00916,NCU07132
NCU03296,NCU10810,NCU01071
NCU00291,NCU09564,NCU15830
NCU07997,NCU11341,NCU10015
NCU07569,NCU07231,NCU09844
NCU05037,NCU01882,NCU08031
NCU09345,NCU01753,NCU01967
NCU00839,NCU00552,NCU08156
NCU08666,NCU05453,NCU09430
NCU09775,NCU06351,NCU10019
NCU09058,NCU01812,NCU04597
NCU06936,NCU01976,NCU00509
NCU07167,NCU03255,NCU09924
NCU03112,NCU04454,NCU06198
NCU05036,NCU03076,NCU06981
NCU01190,NCU04396,NCU04285
NCU04998,NCU00585,NCU06417
NCU06110,NCU06894,NCU07379
NCU08825,NCU05307,NCU07080
NCU08695,NCU04130,NCU04085
NCU11259,NCU06194,NCU10865
NCU01867,NCU03699,NCU00473
NCU01138,NCU00678,NCU11287
NCU17225,NCU10344,NCU02005
NCU09285,NCU07262,NCU09800
NCU03358,NCU09873,NCU09796
NCU00537,NCU05835,NCU01869
NCU00873,NCU04110,NCU00666
NCU07834,NCU10675,NCU02771
NCU01148,NCU07342,NCU02887
NCU04940,NCU06523,NCU07649
NCU07907,NCU08771,NCU05419
NCU02157,NCU06106,NCU04099
NCU02786,NCU09026,NCU01211
NCU01175,NCU06358,NCU00835
NCU03035,NCU05850,NCU09487
NCU10761,NCU07030,NCU16699
NCU07434,NCU02213,NCU08434
NCU02973,NCU05836,NCU04897
NCU08044,NCU08480,NCU02954
NCU07363,NCU06918,NCU08383
NCU04908,NCU05782,NCU04323
NCU10933,NCU07802,NCU03322
NCU00597,NCU16336,NCU00270
NCU04627,NCU10003,NCU03761
NCU07240,NCU06582,NCU06782
NCU04797,NCU02580,NCU08173
NCU00903,NCU07533,NCU05306
NCU02376,NCU04346,NCU08855
NCU09705,NCU01038,NCU08268
NCU07509,NCU09526,NCU11367
NCU09745,NCU08148,NCU09161
NCU16350,NCU06725,NCU07124
NCU00972,NCU02127,NCU00886
NCU08164,NCU10314,NCU08516
NCU04180,NCU04322,NCU09718
NCU04815,NCU00711,NCU05762
NCU10028,NCU09024,NCU10932
NCU04775,NCU07622,NCU02850
NCU02513,NCU02558,NCU07703
NCU09579,NCU02182,NCU06576
NCU05418,NCU01000,NCU01057
NCU01185,NCU05079,NCU01546
NCU07453,NCU09805,NCU06691
NCU06493,NCU07740,NCU02322
NCU01816,NCU04060,NCU01972
NCU09690,NCU06618,NCU07775
NCU00346,NCU08418,NCU04473
NCU05896,NCU02022,NCU00246
NCU02028,NCU03509,NCU04347
NCU04028,NCU07062,NCU08667
NCU00847,NCU07970,NCU00994
NCU06080,NCU05683,NCU01830
NCU03439,NCU06804,NCU08699
NCU08324,NCU00967,NCU05272
NCU02459,NCU09069,NCU05161
NCU09683,NCU03325,NCU00651
NCU09794,NCU06864,NCU00318
NCU00305,NCU09038,NCU06412
NCU09052,NCU02087,NCU00792
NCU02333,NCU09602,NCU01866
NCU06108,NCU02783,NCU02328
NCU09886,NCU04638,NCU04832
NCU01861,NCU05980,NCU03388
NCU08039,NCU03992,NCU09646
NCU06009,NCU07235,NCU06978
NCU01364,NCU03240,NCU06193
NCU05206,NCU11286,NCU07302
NCU04657,NCU12026,NCU00884
NCU07491,NCU02906,NCU09533
NCU04480,NCU00466,NCU03913
NCU06537,NCU03023,NCU01459
NCU04332,NCU03462,NCU07883
NCU00899,NCU05767,NCU05838
NCU05131,NCU01517,NCU03376
NCU09225,NCU00925,NCU01717
NCU05653,NCU08737,NCU00827
NCU01598,NCU05315,NCU07621
NCU07233,NCU02600,NCU05625
NCU00260,NCU04397,NCU07914
NCU03211,NCU11000,NCU04368
NCU09231,NCU06339,NCU00973
NCU07807,NCU04557,NCU00522
NCU07953,NCU08693,NCU06315
NCU00080,NCU17030,NCU11368
NCU09040,NCU06785,NCU01592
NCU02389,NCU02343,NCU09738
NCU01275,NCU07333,NCU01629
NCU05149,NCU05225,NCU07695
NCU00643,NCU01494,NCU07876
NCU06479,NCU02175,NCU08291
NCU06861,NCU05546,NCU16657
NCU07662,NCU06681,NCU03158
NCU00028,NCU08226,NCU04091
NCU09343,NCU01214,NCU05882
NCU06003,NCU10687,NCU00465
NCU02977,NCU04591,NCU07180
NCU00026,NCU03533,NCU07422
NCU04662,NCU03725,NCU06807
NCU05974,NCU06735,NCU09676
NCU09178,NCU09716,NCU08472
NCU07013,NCU11383,NCU02014
NCU10273,NCU08962,NCU02400
NCU05126,NCU09172,NCU00710
NCU08797,NCU03861,NCU03280
NCU00236,NCU00943,NCU03478
NCU03859,NCU08019,NCU11331
NCU00051,NCU00081,NCU09988
NCU06142,NCU09017,NCU08624
NCU00135,NCU01066,NCU07917
NCU04856,NCU03398,NCU08863
NCU05176,NCU04455,NCU03092
NCU11289,NCU07077,NCU03198
NCU05915,NCU05429,NCU05537
NCU00173,NCU04142,NCU07385
NCU06232,NCU06687,NCU08111
NCU08337,NCU02336,NCU00787
NCU00314,NCU08230,NCU06964
NCU02705,NCU01378,NCU06983
NCU02528,NCU09782,NCU09732
NCU03739,NCU00277,NCU05821
NCU01351,NCU02699,NCU08048
NCU02560,NCU00932,NCU00676
NCU03541,NCU00118,NCU07993
NCU07081,NCU10647,NCU04997
NCU03820,NCU09209,NCU05142
NCU03732,NCU04478,NCU09656
NCU02946,NCU07731,NCU05953
NCU08476,NCU06409,NCU04147
NCU06251,NCU08601,NCU05420
NCU07768,NCU02527,NCU02326
NCU09271,NCU09854,NCU00655
NCU06575,NCU04630,NCU06543
NCU01183,NCU06406,NCU05594
NCU05977,NCU10392,NCU05421
NCU00549,NCU09471,NCU06061
NCU11245,NCU00591,NCU01905
NCU01971,NCU04669,NCU07452
NCU07810,NCU00582,NCU04932
NCU04906,NCU07383,NCU06125
NCU16506,NCU09874,NCU02291
NCU09689,NCU05693,NCU06655
NCU06303,NCU09609,NCU04765
NCU02654,NCU06806,NCU08900
NCU03813,NCU02996,NCU03737
NCU01393,NCU02033,NCU11278
NCU09176,NCU06413,NCU10042
NCU03853,NCU07543,NCU08518
NCU07468,NCU08791,NCU10538
NCU09117,NCU04935,NCU07811
NCU04744,NCU07582,NCU05057
NCU07818,NCU04850,NCU06424
NCU11416,NCU05785,NCU03131
NCU03993,NCU02701,NCU08739
NCU06513,NCU02139,NCU01935
NCU03534,NCU06148,NCU01041
NCU11195,NCU06217,NCU09647
NCU03670,NCU01612,NCU06018
NCU04452,NCU09923,NCU00923
NCU09931,NCU06118,NCU05842
NCU12034,NCU01760,NCU06328
NCU07697,NCU16457,NCU04854
NCU05548,NCU10911,NCU08539
NCU07207,NCU03646,NCU07298
NCU06314,NCU00611,NCU11041
NCU02152,NCU09756,NCU06131
NCU02369,NCU05064,NCU04801
NCU07723,NCU09425,NCU07891
NCU07349,NCU03952,NCU01821
NCU06652,NCU05791,NCU07730
NCU03214,NCU05859,NCU06062
NCU09517,NCU09187,NCU00992
NCU07797,NCU05978,NCU05964
NCU08171,NCU06459,NCU01373
NCU07465,NCU04576,NCU09200
NCU06256,NCU05201,NCU00863
NCU04154,NCU06373,NCU01567
NCU01493,NCU09629,NCU07166
NCU00185,NCU01311,NCU07583
NCU04921,NCU05151,NCU05756
NCU08190,NCU04650,NCU05104
NCU02757,NCU09406,NCU07064
NCU01347,NCU06608,NCU08671
NCU03830,NCU07050,NCU01573
NCU08429,NCU04096,NCU07448
NCU10965,NCU00206,NCU01898
NCU03043,NCU09296,NCU02227
NCU06081,NCU03669,NCU04419
NCU10037,NCU08558,NCU04556
NCU00349,NCU00406,NCU04443
NCU08746,NCU00492,NCU01652
NCU03404,NCU02223,NCU06613
NCU01849,NCU03355,NCU05668
NCU02360,NCU07192,NCU06341
NCU06811,NCU10359,NCU01195
NCU08185,NCU06557,NCU11395
NCU05501,NCU00629,NCU05192
NCU00304,NCU03079,NCU08447
NCU03433,NCU06928,NCU08872
NCU00158,NCU01572,NCU04025
NCU05074,NCU06963,NCU04539
NCU05841,NCU03648,NCU04823
NCU07132,NCU00331,NCU04262
NCU01071,NCU09847,NCU07987
NCU07804,NCU09196,NCU05916
NCU15830,NCU09860,NCU07112
NCU02226,NCU07487,NCU03173
NCU10015,NCU08281,NCU09350
NCU08031,NCU09384,NCU02302
NCU01967,NCU01917,NCU01748
NCU06979,NCU04343,NCU11342
NCU02584,NCU04223,NCU07034
NCU08326,NCU09906,NCU07604
NCU08156,NCU08901,NCU16496
NCU09430,NCU07894,NCU05887
NCU01306,NCU05301,NCU07140
NCU08398,NCU07745,NCU02597
NCU10019,NCU04632,NCU09538
NCU01879,NCU05268,NCU06773
NCU04597,NCU03062,NCU04029
NCU09924,NCU00282,NCU09451
NCU01704,NCU00085,NCU04168
NCU06198,NCU06857,NCU07157
NCU05992,NCU00730,NCU03347
NCU06981,NCU09188,NCU10051
NCU04285,NCU03032,NCU00898
NCU06417,NCU03121,NCU06505
NCU07379,NCU03235,NCU01068
NCU07080,NCU10027,NCU02271
NCU04085,NCU00241,NCU01118
NCU02886,NCU03571,NCU09971
NCU08380,NCU03767,NCU07253
NCU10865,NCU00104,NCU05499
NCU11287,NCU04674,NCU08669
NCU07141,NCU00793,NCU09613
NCU02005,NCU06050,NCU05060
NCU09800,NCU10470,NCU02042
NCU01869,NCU08697,NCU09864
NCU00666,NCU01033,NCU02712
NCU02771,NCU07525,NCU01692
NCU02887,NCU09812,NCU08161
NCU07649,NCU09253,NCU04499
NCU05419,NCU09729,NCU08790
NCU04099,NCU08045,NCU09852
NCU02190,NCU00717,NCU06619
NCU09487,NCU05265,NCU01032
NCU16699,NCU16490,NCU09470
NCU08434,NCU00984,NCU05143
NCU04897,NCU08049,NCU05855
NCU02954,NCU03814,NCU10351
NCU08383,NCU03437,NCU04421
NCU09428,NCU03305,NCU03231
NCU11382,NCU06067,NCU09904
NCU04323,NCU05183,NCU09402
NCU03322,NCU01386,NCU01111
NCU00980,NCU03622,NCU09311
NCU05203,NCU06752,NCU01487
NCU06801,NCU00400,NCU03730
NCU00270,NCU00251,NCU00130
NCU03761,NCU06598,NCU02549
NCU06782,NCU02295,NCU05387
NCU08173,NCU01466,NCU09733
NCU05306,NCU00430,NCU03755
NCU08293,NCU04623,NCU09767
NCU04754,NCU02853,NCU16370
NCU07066,NCU03360,NCU04734
NCU17263,NCU08700,NCU16890
NCU09498,NCU00941,NCU03254
NCU08855,NCU06868,NCU03985
NCU08268,NCU02319,NCU08842
NCU11367,NCU09449,NCU08154
NCU09161,NCU02284,NCU04395
NCU02577,NCU05603,NCU05883
NCU08768,NCU09472,NCU06166
NCU00518,NCU04851,NCU08229
NCU07124,NCU08147,NCU09237
NCU00886,NCU04570,NCU01065
NCU08516,NCU07966,NCU02126
NCU09718,NCU09903,NCU06658
NCU05762,NCU05246,NCU04503
NCU10932,NCU05260,NCU06387
NCU08736,NCU08658,NCU03513
NCU06467,NCU05046,NCU07271
NCU02850,NCU09031,NCU00741
NCU07703,NCU10905,NCU05886
NCU06576,NCU05754,NCU01355
NCU01057,NCU04348,NCU03153
NCU01546,NCU05013,NCU02479
NCU06691,NCU02276,NCU02486
NCU02322,NCU02928,NCU07959
NCU01972,NCU02612,NCU09680
NCU00422,NCU03550,NCU05888
NCU07887,NCU02354,NCU05304
NCU10847,NCU00550,NCU08953
NCU04473,NCU04767,NCU07860
NCU00246,NCU06908,NCU09151
NCU04347,NCU08696,NCU06783
NCU03501,NCU01349,NCU08793
NCU08667,NCU01932,NCU05156
NCU00994,NCU08021,NCU01769
NCU01830,NCU07029,NCU06497
NCU08699,NCU04615,NCU07478
NCU05272,NCU06583,NCU09170
NCU05161,NCU02324,NCU09702
NCU01337,NCU05891,NCU16898
NCU01165,NCU09482,NCU02310
NCU00651,NCU08701,NCU17186
NCU00318,NCU02750,NCU02536
NCU06412,NCU04095,NCU00472
NCU00792,NCU08487,NCU09631
NCU06551,NCU07546,NCU10436
NCU07597,NCU01176,NCU03710
NCU01866,NCU08064,NCU02060
NCU04832,NCU04569,NCU00861
NCU03388,NCU04661,NCU03793
NCU09646,NCU02057,NCU04762
NCU06978,NCU01009,NCU04817
NCU06193,NCU02184,NCU05843
NCU07548,NCU02994,NCU09649
NCU07302,NCU04736,NCU09535
NCU00884,NCU06696,NCU16568
NCU01950,NCU04321,NCU02216
NCU09533,NCU07484,NCU00338
NCU03913,NCU00124,NCU03415
NCU09230,NCU05591,NCU07094
NCU01459,NCU01632,NCU01074
NCU07883,NCU05502,NCU02650
NCU02639,NCU08420,NCU00576
NCU05838,NCU08358,NCU09173
NCU01717,NCU08056,NCU06159
NCU00827,NCU03776,NCU02031
NCU05012,NCU08565,NCU07053
NCU07621,NCU04105,NCU08715
NCU04941,NCU04254,NCU05818
NCU05625,NCU01315,NCU06474
NCU07914,NCU04021,NCU05699
NCU09108,NCU01789,NCU00845
NCU04368,NCU01105,NCU02665
NCU00973,NCU11138,NCU06220
NCU00522,NCU06272,NCU02926
NCU04796,NCU07412,NCU04078
NCU06315,NCU06930,NCU08272
NCU08731,NCU03844,NCU02542
NCU11368,NCU01910,NCU05381
NCU01592,NCU07863,NCU04550
NCU09738,NCU03584,NCU09456
NCU01629,NCU07949,NCU05216
NCU07695,NCU14148,NCU07532
NCU07876,NCU16019,NCU09698
NCU08291,NCU16005,NCU09518
NCU16657,NCU16004,NCU01083
NCU06949,NCU14011,NCU07742
NCU03158,NCU14077,NCU05909
NCU04091,NCU17319,NCU06273
NCU06310,NCU14081,NCU05680
NCU04506,NCU14089,NCU00604
NCU05882,NCU14042,NCU08643
NCU02438,NCU15152,NCU06366
NCU00465,NCU14147,NCU00687
NCU07180,NCU15398,NCU10036
NCU07422,NCU14086,NCU00813
NCU06807,NCU15209,NCU02883
NCU09676,NCU14061,NCU02849
NCU07133,,NCU03174
NCU08472,,NCU02046
NCU06165,,NCU00076
NCU02014,,NCU15836
NCU02400,,NCU05157
NCU00710,,NCU02749
NCU03280,,NCU17115
NCU06286,,NCU05884
NCU11331,,NCU02692
NCU09988,,NCU03257
NCU08624,,NCU00605
NCU07917,,NCU00732
NCU03057,,NCU00293
NCU08863,,NCU00906
NCU03092,,NCU03518
NCU03198,,NCU05848
NCU05537,,NCU00987
NCU07385,,NCU07305
NCU08111,,NCU09210
NCU09497,,NCU00951
NCU00787,,NCU11288
NCU06964,,NCU08354
NCU06983,,NCU08167
NCU09732,,NCU08862
NCU05821,,NCU06611
NCU08048,,NCU08998
NCU00676,,NCU02879
NCU07993,,NCU04013
NCU01846,,NCU09050
NCU04997,,NCU01512
NCU05142,,NCU02228
NCU09656,,NCU03698
NCU05953,,NCU11295
NCU05420,,NCU04474
NCU02326,,NCU02188
NCU00655,,NCU09635
NCU06543,,NCU07234
NCU05594,,NCU05045
NCU01905,,NCU08924
NCU07452,,NCU02252
NCU03408,,NCU05430
NCU09076,,NCU05519
NCU02352,,NCU07362
NCU00056,,NCU01209
NCU04932,,NCU03931
NCU06125,,NCU05597
NCU02291,,NCU06803
NCU06655,,NCU02797
NCU04765,,NCU10011
NCU07022,,NCU01593
NCU07001,,NCU06006
NCU08900,,NCU08531
NCU03737,,NCU09715
NCU11278,,NCU02259
NCU10042,,NCU01868
NCU08518,,NCU00742
NCU10538,,NCU10512
NCU07811,,NCU00536
NCU05057,,NCU05899
NCU06424,,NCU03082
NCU03131,,NCU07008
NCU08739,,NCU09654
NCU01935,,NCU00620
NCU01041,,NCU07218
NCU06319,,NCU07312
NCU09647,,NCU08005
NCU06018,,NCU08232
NCU00923,,NCU09185
NCU06552,,NCU05193
NCU06328,,NCU06637
NCU04854,,NCU08716
NCU07298,,NCU06327
NCU11041,,NCU04619
NCU06131,,NCU09677
NCU04801,,NCU05114
NCU16321,,NCU03197
NCU04645,,NCU06745
NCU07891,,NCU02207
NCU01821,,NCU05196
NCU05964,,NCU07489
NCU01664,,NCU06266
NCU01373,,NCU04672
NCU09200,,NCU01633
NCU00863,,NCU15829
NCU03748,,NCU09155
NCU01567,,NCU02690
NCU07166,,NCU07153
NCU05756,,NCU09569
NCU09260,,NCU02535
NCU05104,,NCU05278
NCU07064,,NCU10008
NCU08671,,NCU08545
NCU05004,,NCU09771
NCU03512,,NCU02732
NCU01573,,NCU07623
NCU07448,,NCU09163
NCU01898,,NCU08112
NCU05233,,NCU00936
NCU02227,,NCU08687
NCU04419,,NCU06316
NCU04556,,NCU04435
NCU04443,,NCU08152
NCU01652,,NCU00988
NCU00157,,NCU00122
NCU08188,,NCU06666
NCU03922,,NCU01715
NCU06613,,NCU07332
NCU05668,,NCU07849
NCU06341,,NCU06895
NCU01195,,NCU01843
NCU11395,,NCU07508
NCU08507,,NCU09486
NCU05192,,NCU08634
NCU08447,,NCU01309
NCU08872,,NCU02927
NCU04025,,NCU05598
NCU04539,,NCU06525
NCU04823,,NCU09640
NCU02121,,NCU01356
NCU04262,,NCU00035
NCU07987,,NCU11362
NCU08347,,NCU03667
NCU05916,,NCU10007
NCU07112,,NCU02852
NCU03173,,NCU07517
NCU07165,,NCU16968
NCU05133,,NCU08524
NCU09350,,NCU07079
NCU02302,,NCU10276
NCU01748,,NCU09709
NCU11342,,NCU05968
NCU07034,,NCU07037
NCU07604,,NCU09022
NCU16496,,NCU07567
NCU05006,,NCU05627
NCU07140,,NCU04049
NCU02597,,NCU04132
NCU09538,,NCU09424
NCU06773,,NCU07072
NCU04029,,NCU07864
NCU09451,,NCU02936
NCU05384,,NCU03980
NCU09792,,NCU03066
NCU09522,,NCU05069
NCU04168,,NCU02514
NCU01490,,NCU06462
NCU07157,,NCU07063
NCU03347,,NCU03154
NCU10051,,NCU07156
NCU00898,,NCU07202
NCU06505,,NCU02110
NCU05288,,NCU08521
NCU12112,,NCU17083
NCU02271,,NCU09955
NCU01118,,NCU10058
NCU05067,,NCU01731
NCU09971,,NCU05735
NCU07253,,NCU05819
NCU05499,,NCU03188
NCU08669,,NCU09843
NCU08733,,NCU07607
NCU02552,,NCU08145
NCU09613,,NCU08128
NCU05426,,NCU06305
NCU05060,,NCU07798
NCU02042,,NCU00684
NCU09864,,NCU16599
NCU02712,,NCU00937
NCU01692,,NCU05957
NCU04407,,NCU09907
NCU01154,,NCU07334
NCU08161,,NCU07281
NCU04499,,NCU04415
NCU06951,,NCU02704
NCU08790,,NCU04532
NCU11345,,NCU07839
NCU06619,,NCU07343
NCU02644,,NCU00844
NCU01032,,NCU08050
NCU09470,,NCU03686
NCU05143,,NCU05585
NCU05855,,NCU04448
NCU07464,,NCU02296
NCU10351,,NCU08864
NCU04421,,NCU07129
NCU03231,,NCU01170
NCU11365,,NCU11306
NCU09904,,NCU09153
NCU09402,,NCU01336
NCU01111,,NCU02035
NCU09311,,NCU06917
NCU01487,,NCU04194
NCU03730,,NCU09958
NCU00130,,NCU06574
NCU02549,,NCU01985
NCU05387,,NCU07175
NCU09733,,NCU01589
NCU03755,,NCU04359
NCU02727,,NCU09156
NCU09767,,NCU02383
NCU16370,,NCU02397
NCU04734,,NCU09831
NCU05259,,NCU08980
NCU16890,,NCU02236
NCU08127,,NCU08069
NCU03985,,NCU00714
NCU08842,,NCU09349
NCU01880,,NCU10904
NCU08154,,NCU04418
NCU04395,,NCU09352
NCU05883,,NCU02058
NCU02746,,NCU01856
NCU09237,,NCU05979
NCU01065,,NCU07083
NCU02126,,NCU04303
NCU06658,,NCU08747
NCU06187,,NCU09174
NCU04503,,NCU09186
NCU06387,,NCU00648
NCU03513,,NCU00630
NCU07271,,NCU04547
NCU00741,,NCU09266
NCU01355,,NCU08905
NCU03153,,NCU06985
NCU02479,,NCU06153
NCU05195,,NCU07668
NCU07959,,NCU06005
NCU09680,,NCU05938
NCU07355,,NCU00916
NCU09183,,NCU09232
NCU05304,,NCU00653
NCU08953,,NCU10810
NCU07860,,NCU09639
NCU04312,,NCU09564
NCU02957,,NCU11341
NCU09151,,NCU08662
NCU06057,,NCU07231
NCU02109,,NCU01882
NCU06783,,NCU01753
NCU08793,,NCU05043
NCU05156,,NCU00552
NCU01769,,NCU05453
NCU06497,,NCU10239
NCU07478,,NCU06117
NCU05624,,NCU06351
NCU09648,,NCU01812
NCU04273,,NCU08967
NCU09170,,NCU01976
NCU09702,,NCU07861
NCU09621,,NCU03255
NCU16898,,NCU04454
NCU02310,,NCU03076
NCU17186,,NCU04396
NCU02536,,NCU00585
NCU03316,,NCU02885
NCU00472,,NCU06894
NCU03191,,NCU05307
NCU09521,,NCU04130
NCU09631,,NCU06194
NCU07552,,NCU06443
NCU10436,,NCU08307
NCU03710,,NCU03699
NCU02060,,NCU00678
NCU00861,,NCU10344
NCU03793,,NCU07262
NCU04762,,NCU09102
NCU04817,,NCU09873
NCU05843,,NCU04267
NCU05932,,NCU10156
NCU09649,,NCU02267
NCU09535,,NCU02512
NCU16568,,NCU06235
NCU02216,,NCU05835
NCU00338,,NCU09308
NCU03415,,NCU04110
NCU07094,,NCU10675
NCU01074,,NCU07342
NCU02650,,NCU06523
NCU00144,,NCU08771
NCU00576,,NCU06106
NCU06159,,NCU09026
NCU00782,,NCU00306
NCU02031,,NCU07241
NCU07053,,NCU06358
NCU08715,,NCU01059
NCU05818,,NCU05850
NCU03903,,NCU04625
NCU08425,,NCU02625
NCU05699,,NCU07030
NCU03129,,NCU02213
NCU05970,,NCU03741
NCU02337,,NCU05836
NCU02665,,NCU08480
NCU06220,,NCU06918
NCU03950,,NCU05782
NCU02926,,NCU07802
NCU04078,,NCU10304
NCU08272,,NCU16336
NCU02542,,NCU10003
NCU09823,,NCU06582
NCU04550,,NCU02580
NCU09456,,NCU07533
NCU07532,,NCU08749
NCU04047,,NCU01752
NCU02191,,NCU04346
NCU09698,,NCU01038
NCU09518,,NCU05042
NCU01083,,NCU09526
NCU07742,,NCU03759
NCU05909,,NCU02239
NCU06273,,NCU08148
NCU05680,,NCU06725
NCU00604,,NCU02127
NCU08643,,NCU10314
NCU02407,,NCU04322
NCU06366,,NCU00711
NCU00687,,NCU09024
NCU10036,,NCU07622
NCU00813,,NCU05343
NCU04636,,NCU02558
NCU04568,,NCU02182
NCU02883,,NCU01000
NCU02849,,NCU06189
NCU03174,,NCU05079
NCU02046,,NCU09805
NCU00076,,NCU09212
NCU15836,,NCU11312
NCU05157,,NCU07740
NCU17115,,NCU04060
NCU05034,,NCU06618
NCU06815,,NCU08983
NCU00911,,NCU04484
NCU02692,,NCU06847
NCU04554,,NCU08418
NCU03257,,NCU01115
NCU00605,,NCU16724
NCU00732,,NCU02022
NCU00293,,NCU03978
NCU04313,,NCU04732
NCU04212,,NCU01319
NCU00906,,NCU04367
NCU03518,,NCU03509
NCU05848,,NCU07062
NCU00987,,NCU07970
NCU07305,,NCU03215
NCU09210,,NCU02070
NCU00951,,NCU05683
NCU11288,,NCU06804
NCU08354,,NCU00967
NCU08515,,NCU09069
NCU08167,,NCU03325
NCU06052,,NCU04789
NCU08862,,NCU06864
NCU06611,,NCU09038
NCU08998,,NCU02087
NCU01927,,NCU04768
NCU02879,,NCU09602
NCU04013,,NCU02783
NCU09050,,NCU09025
NCU02024,,NCU09240
NCU01512,,NCU04638
NCU02228,,NCU05980
NCU03352,,NCU03992
NCU03975,,NCU03779
NCU11295,,NCU02796
NCU04474,,NCU07235
NCU04809,,NCU03240
NCU02188,,NCU11286
NCU07234,,NCU07724
NCU05045,,NCU12026
NCU08924,,NCU08556
NCU02252,,NCU05873
NCU05430,,NCU11222
NCU08366,,NCU07544
NCU05519,,NCU06312
NCU07362,,NCU02906
NCU01209,,NCU09287
NCU03931,,NCU00466
NCU05597,,NCU03023
NCU06803,,NCU03868
NCU02797,,NCU05918
NCU06870,,NCU11187
NCU10011,,NCU05830
NCU07340,,NCU03462
NCU01593,,NCU05767
NCU08935,,NCU01012
NCU04118,,NCU09641
NCU05722,,NCU07020
NCU06006,,NCU01517
NCU08531,,NCU00447
NCU09715,,NCU00925
NCU02259,,NCU08737
NCU01665,,NCU05315
NCU01868,,NCU04813
NCU00742,,NCU05289
NCU00536,,NCU02600
NCU09770,,NCU04397
NCU03082,,NCU11000
NCU07008,,NCU06339
NCU09654,,NCU04557
NCU00620,,NCU08693
NCU09152,,NCU17030
NCU07218,,NCU06785
NCU07312,,NCU02343
NCU08005,,NCU07333
NCU00892,,NCU05225
NCU08232,,NCU01494
NCU09185,,NCU02175
NCU05193,,NCU08117
NCU06637,,NCU05546
NCU06327,,NCU06681
NCU04619,,NCU09037
NCU09677,,NCU08226
NCU05114,,NCU01214
NCU03197,,NCU05925
NCU06745,,NCU10687
NCU02207,,NCU04591
NCU02663,,NCU07905
NCU05196,,NCU02913
NCU05580,,NCU09380
NCU07489,,NCU00829
NCU06266,,NCU03533
NCU04672,,NCU03725
NCU01633,,NCU06735
NCU06384,,NCU09716
NCU15829,,NCU11383
NCU09155,,NCU06675
NCU02690,,NCU01758
NCU07153,,NCU08962
NCU00754,,NCU09172
NCU05278,,NCU01911
NCU10008,,NCU00180
NCU09771,,NCU03861
NCU02732,,NCU00943
NCU07623,,NCU08019
NCU09163,,NCU04391
NCU08112,,NCU00081
NCU00936,,NCU01104
NCU08687,,NCU09017
NCU03117,,NCU01066
NCU06316,,NCU06759
NCU04435,,NCU03398
NCU08152,,NCU09634
NCU00988,,NCU04455
NCU00122,,NCU06521
NCU04299,,NCU07077
NCU06666,,NCU05990
NCU01715,,NCU05518
NCU07332,,NCU09909
NCU07849,,NCU05429
NCU01781,,NCU04142
NCU06895,,NCU06687
NCU01843,,NCU00201
NCU07508,,NCU02336
NCU09486,,NCU08230
NCU08634,,NCU05516
NCU01309,,NCU01378
NCU02927,,NCU09782
NCU05598,,NCU05632
NCU06525,,NCU00277
NCU01356,,NCU02699
NCU00035,,NCU08850
NCU11362,,NCU06374
NCU03667,,NCU05637
NCU10007,,NCU06860
NCU10360,,NCU09171
NCU07517,,NCU03426
NCU08909,,NCU00932
NCU16968,,NCU00118
NCU08767,,NCU10258
NCU08524,,NCU02585
NCU07769,,NCU10647
NCU07079,,NCU06862
NCU05829,,NCU09209
NCU10276,,NCU05866
NCU09709,,NCU04478
NCU05968,,NCU08641
NCU09022,,NCU07731
NCU05805,,NCU00110
NCU07567,,NCU00870
NCU05627,,NCU05016
NCU04132,,NCU00689
NCU09424,,NCU06409
NCU07072,,NCU09126
NCU05184,,NCU04729
NCU07864,,NCU08601
NCU02936,,NCU02386
NCU03980,,NCU02527
NCU09003,,NCU03132
NCU03066,,NCU07121
NCU05069,,NCU09854
NCU02514,,NCU04862
NCU06441,,NCU04630
NCU06462,,NCU08273
NCU07063,,NCU06406
NCU08436,,NCU10392
NCU03154,,NCU03938
NCU00862,,NCU08606
NCU05128,,NCU09471
NCU07156,,NCU00591
NCU07202,,NCU07692
NCU02110,,NCU04669
NCU17083,,NCU04221
NCU09955,,NCU00582
NCU10058,,NCU01150
NCU09103,,NCU07383
NCU01731,,NCU09874
NCU05735,,NCU05693
NCU00477,,NCU01022
NCU05819,,NCU06250
NCU04481,,NCU04167
NCU03188,,NCU05770
NCU09843,,NCU01457
NCU07607,,NCU07521
NCU08145,,NCU09609
NCU09700,,NCU04694
NCU05510,,NCU06806
NCU06305,,NCU02996
NCU07798,,NCU04335
NCU00684,,NCU02033
NCU16599,,NCU06413
NCU00937,,NCU07543
NCU00332,,NCU09391
NCU05957,,NCU03728
NCU09907,,NCU09079
NCU07334,,NCU08791
NCU07281,,NCU04935
NCU08076,,NCU08319
NCU09419,,NCU07582
NCU04415,,NCU07934
NCU02704,,NCU04850
NCU04532,,NCU05785
NCU05851,,NCU02701
NCU00242,,NCU00575
NCU07839,,NCU02139
NCU07343,,NCU06148
NCU00844,,NCU03783
NCU08050,,NCU06217
NCU03686,,NCU08349
NCU05585,,NCU01612
NCU03632,,NCU09923
NCU07054,,NCU06118
NCU03789,,NCU01760
NCU04448,,NCU16457
NCU02296,,NCU10911
NCU08864,,NCU03646
NCU05606,,NCU05694
NCU03998,,NCU03921
NCU07129,,NCU04824
NCU01170,,NCU00611
NCU17177,,NCU07946
NCU11306,,NCU02914
NCU09153,,NCU09974
NCU02150,,NCU09756
NCU05862,,NCU05726
NCU01336,,NCU05064
NCU03491,,NCU04451
NCU06042,,NCU05105
NCU02035,,NCU09425
NCU06917,,NCU03952
NCU04194,,NCU02415
NCU06607,,NCU05721
NCU09958,,NCU01543
NCU06574,,NCU05791
NCU01985,,NCU05859
NCU07175,,NCU01210
NCU01589,,NCU09187
NCU04359,,NCU05978
NCU16775,,NCU00528
NCU09156,,NCU06459
NCU03288,,NCU05994
NCU02383,,NCU03171
NCU02397,,NCU09407
NCU08980,,NCU04576
NCU02236,,NCU05201
NCU00392,,NCU04358
NCU08069,,NCU07139
NCU00714,,NCU06373
NCU07074,,NCU01886
NCU09349,,NCU06186
NCU10904,,NCU09629
NCU00834,,NCU02630
NCU04418,,NCU07911
NCU09352,,NCU08042
NCU02058,,NCU06098
NCU16914,,NCU01311
NCU01856,,NCU00846
NCU05979,,NCU05151
NCU06063,,NCU04222
NCU07083,,NCU07969
NCU00935,,NCU06957
NCU04303,,NCU16913
NCU08747,,NCU07587
NCU09174,,NCU04439
NCU09186,,NCU04650
NCU06180,,NCU09787
NCU10987,,NCU09406
NCU10806,,NCU06608
NCU00648,,NCU07050
NCU00630,,NCU05923
NCU04547,,NCU05985
NCU09266,,NCU04096
NCU00285,,NCU00206
NCU08905,,NCU09296
NCU06985,,NCU03669
NCU06153,,NCU08558
NCU07668,,NCU03870
NCU06005,,NCU00406
NCU00916,,NCU00478
NCU09892,,NCU00492
NCU00653,,NCU02223
NCU10810,,NCU03355
NCU00808,,NCU02034
NCU11353,,NCU07479
NCU09564,,NCU07192
NCU04642,,NCU10359
NCU05302,,NCU00142
NCU11341,,NCU03127
NCU00127,,NCU06557
NCU02244,,NCU00629
NCU05960,,NCU15831
NCU07231,,NCU04390
NCU01882,,NCU03079
NCU01753,,NCU03479
NCU05043,,NCU07021
NCU00552,,NCU06928
NCU03768,,NCU06276
NCU05453,,NCU01572
NCU10239,,NCU08753
NCU05113,,NCU06963
NCU06117,,NCU03648
NCU06351,,NCU00331
NCU01812,,NCU09847
NCU08967,,NCU08136
NCU01976,,NCU09529
NCU07861,,NCU09196
NCU03255,,NCU07389
NCU04454,,NCU09860
NCU03076,,NCU07487
NCU04042,,NCU08281
NCU08738,,NCU09384
NCU09458,,NCU01917
NCU04396,,NCU08755
NCU00585,,NCU04343
NCU02885,,NCU00263
NCU06894,,NCU04223
NCU05307,,NCU07840
NCU04130,,NCU09906
NCU06194,,NCU10836
NCU02146,,NCU08901
NCU08307,,NCU07894
NCU03699,,NCU00070
NCU00678,,NCU03242
NCU06866,,NCU05301
NCU10344,,NCU07745
NCU07262,,NCU04632
NCU09102,,NCU15834
NCU09873,,NCU08828
NCU01613,,NCU07579
NCU10156,,NCU09566
NCU02267,,NCU05268
NCU02512,,NCU02590
NCU06235,,NCU03062
NCU05835,,NCU00282
NCU09308,,NCU01495
NCU05602,,NCU00085
NCU04110,,NCU06986
NCU10675,,NCU06857
NCU07342,,NCU00730
NCU06523,,NCU09188
NCU08771,,NCU03032
NCU06106,,NCU03121
NCU09026,,NCU05213
NCU02616,,NCU05028
NCU02487,,NCU07082
NCU06358,,NCU03235
NCU01059,,NCU10027
NCU08611,,NCU00241
NCU05850,,NCU03571
NCU04625,,NCU01387
NCU02625,,NCU03767
NCU07030,,NCU07221
NCU02213,,NCU00104
NCU03741,,NCU04674
NCU05836,,NCU00793
NCU08480,,NCU04848
NCU06918,,NCU06907
NCU02278,,NCU06050
NCU05782,,NCU10470
NCU07802,,NCU08697
NCU00357,,NCU01033
NCU16336,,NCU07525
NCU10003,,NCU09097
NCU06582,,NCU09812
NCU02580,,NCU06648
NCU07533,,NCU09253
NCU08749,,NCU09729
NCU01752,,NCU09975
NCU11146,,NCU08045
NCU02107,,NCU09228
NCU04346,,NCU00717
NCU08788,,NCU03477
NCU01038,,NCU04628
NCU10091,,NCU05265
NCU05042,,NCU16490
NCU09526,,NCU04610
NCU02430,,NCU00984
NCU03759,,NCU08449
NCU02239,,NCU08049
NCU04698,,NCU00869
NCU08148,,NCU03814
NCU06725,,NCU03437
NCU02127,,NCU03305
NCU10314,,NCU06067
NCU05130,,NCU05183
NCU03029,,NCU01386
NCU04322,,NCU03622
NCU00711,,NCU06752
NCU09024,,NCU00400
NCU07622,,NCU00251
NCU09912,,NCU01272
NCU05343,,NCU06598
NCU02558,,NCU02295
NCU02182,,NCU01466
NCU08752,,NCU07767
NCU00301,,NCU00430
NCU01000,,NCU04623
NCU01367,,NCU02853
NCU06189,,NCU02497
NCU05079,,NCU03360
NCU09805,,NCU02592
NCU08153,,NCU02272
NCU09212,,NCU06944
NCU11312,,NCU08700
NCU07740,,NCU05939
NCU04060,,NCU01768
NCU06618,,NCU00941
NCU09651,,NCU06264
NCU08983,,NCU07909
NCU04484,,NCU06868
NCU06847,,NCU02319
NCU08418,,NCU09449
NCU02122,,NCU02284
NCU01115,,NCU05603
NCU16724,,NCU08887
NCU02022,,NCU00810
NCU04732,,NCU02988
NCU01319,,NCU09472
NCU04367,,NCU04851
NCU03509,,NCU08147
NCU05527,,NCU07481
NCU07062,,NCU05650
NCU07970,,NCU04570
NCU03215,,NCU09191
NCU02070,,NCU05239
NCU05683,,NCU06411
NCU00052,,NCU08423
NCU03346,,NCU09048
NCU06804,,NCU09267
NCU00967,,NCU05185
NCU09069,,NCU03785
NCU03325,,NCU07966
NCU04789,,NCU09903
NCU06864,,NCU05246
NCU09038,,NCU05260
NCU10853,,NCU08658
NCU02087,,NCU05046
NCU04768,,NCU06437
NCU09602,,NCU05858
NCU02783,,NCU09031
NCU09025,,NCU09065
NCU09240,,NCU02978
NCU04638,,NCU10905
NCU05980,,NCU03416
NCU03992,,NCU08763
NCU04866,,NCU05754
NCU03779,,NCU08921
NCU06483,,NCU00128
NCU02796,,NCU04348
NCU07235,,NCU05013
NCU03240,,NCU02276
NCU11286,,NCU04663
NCU07724,,NCU03928
NCU12026,,NCU09252
NCU08556,,NCU02928
NCU05873,,NCU04786
NCU11222,,NCU02612
NCU07544,,NCU03550
NCU06312,,NCU02354
NCU02906,,NCU00550
NCU00466,,NCU04088
NCU01929,,NCU00631
NCU03023,,NCU04767
NCU04450,,NCU06908
NCU03868,,NCU08696
NCU03134,,NCU01349
NCU11187,,NCU04749
NCU03462,,NCU09064
NCU05767,,NCU01932
NCU02931,,NCU06685
NCU07020,,NCU08021
NCU01517,,NCU06604
NCU00295,,NCU07029
NCU04048,,NCU04615
NCU00447,,NCU06583
NCU00925,,NCU02324
NCU08737,,NCU01510
NCU08228,,NCU05891
NCU05315,,NCU08496
NCU04813,,NCU00763
NCU05289,,NCU09482
NCU02600,,NCU08701
NCU04397,,NCU01151
NCU06732,,NCU10895
NCU06836,,NCU02750
NCU11000,,NCU04095
NCU06339,,NCU08487
NCU04557,,NCU07546
NCU08693,,NCU02053
NCU02074,,NCU00929
NCU17030,,NCU09162
NCU06785,,NCU09500
NCU02343,,NCU01176
NCU07333,,NCU01193
NCU05225,,NCU08064
NCU06718,,NCU05926
NCU07675,,NCU04569
NCU01494,,NCU07534
NCU02175,,NCU04661
NCU04297,,NCU02057
NCU05546,,NCU01009
NCU06681,,NCU04826
NCU09037,,NCU02184
NCU03290,,NCU02994
NCU08226,,NCU04736
NCU02485,,NCU06696
NCU01214,,NCU04321
NCU04374,,NCU10009
NCU05925,,NCU02051
NCU10687,,NCU07484
NCU04591,,NCU00124
NCU07905,,NCU05591
NCU03098,,NCU01632
NCU02913,,NCU05502
NCU09380,,NCU08420
NCU00829,,NCU08358
NCU03533,,NCU06984
NCU03725,,NCU02347
NCU08526,,NCU00388
NCU06735,,NCU07496
NCU09716,,NCU08056
NCU11383,,NCU03776
NCU00587,,NCU08565
NCU01758,,NCU08023
NCU04382,,NCU04105
NCU08962,,NCU04254
NCU01430,,NCU01315
NCU09172,,NCU04021
NCU07098,,NCU03060
NCU16549,,NCU01789
NCU01911,,NCU01105
NCU00180,,NCU11138
NCU07982,,NCU06272
NCU03861,,NCU03379
NCU00943,,NCU07412
NCU08019,,NCU06930
NCU03267,,NCU07308
NCU03365,,NCU03844
NCU00081,,NCU02068
NCU04259,,NCU01910
NCU01104,,NCU04871
NCU09017,,NCU07307
NCU01066,,NCU07863
NCU06337,,NCU03584
NCU08096,,NCU08535
NCU06759,,NCU02478
NCU03398,,NCU07949
NCU09023,,NCU00274
NCU01996,,NCU05047
NCU02137,,NCU06294
NCU04455,,NCU14148
NCU06521,,NCU16019
NCU07077,,NCU16005
NCU04653,,NCU16004
NCU05990,,NCU14011
NCU05518,,NCU14077
NCU09909,,NCU17319
NCU05429,,NCU14081
NCU04142,,NCU16024
NCU06687,,NCU16201
NCU04380,,NCU14085
NCU00201,,NCU14046
NCU02336,,NCU15248
NCU08230,,NCU16026
NCU05516,,NCU15223
NCU01378,,NCU16017
NCU09782,,NCU15115
NCU02621,,NCU16002
NCU05632,,NCU16011
NCU00277,,NCU16022
NCU02699,,NCU16021
NCU08850,,NCU16203
NCU06374,,NCU15045
NCU05637,,NCU14038
NCU06860,,NCU14036
NCU09171,,NCU14013
NCU07715,,NCU14139
NCU03426,,NCU14162
NCU00932,,NCU15385
NCU00118,,NCU15257
NCU10258,,NCU14074
NCU02585,,NCU15178
NCU10647,,NCU14060
NCU09247,,NCU14089
NCU06862,,NCU14042
NCU09209,,NCU15152
NCU05866,,NCU14147
NCU00876,,NCU15398
NCU00292,,NCU14086
NCU04478,,NCU15209
NCU04270,,NCU14061
NCU07731,,NCU15166
NCU08563,,
NCU00689,,
NCU06409,,
NCU01353,,
NCU09126,,
NCU04729,,
NCU01157,,
NCU08601,,
NCU00308,,
NCU02386,,
NCU02527,,
NCU01527,,
NCU03132,,
NCU09829,,
NCU09854,,
NCU04862,,
NCU16597,,
NCU02619,,
NCU04630,,
NCU08273,,
NCU07896,,
NCU06406,,
NCU10392,,
NCU03938,,
NCU08606,,
NCU09471,,
NCU00591,,
NCU02307,,
NCU00032,,
NCU07692,,
NCU04669,,
NCU04221,,
NCU04807,,
NCU09488,,
NCU00582,,
NCU01150,,
NCU07788,,
NCU07383,,
NCU09874,,
NCU05693,,
NCU00784,,
NCU01022,,
NCU06250,,
NCU05770,,
NCU01457,,
NCU07521,,
NCU09609,,
NCU06806,,
NCU02996,,
NCU02033,,
NCU06413,,
NCU06391,,
NCU07543,,
NCU09391,,
NCU02972,,
NCU09079,,
NCU08791,,
NCU04935,,
NCU08319,,
NCU07582,,
NCU07934,,
NCU04850,,
NCU05785,,
NCU02701,,
NCU00575,,
NCU02139,,
NCU16845,,
NCU06148,,
NCU03783,,
NCU06217,,
NCU08349,,
NCU01612,,
NCU09923,,
NCU06118,,
NCU00926,,
NCU01760,,
NCU16457,,
NCU10911,,
NCU03646,,
NCU10476,,
NCU04425,,
NCU04824,,
NCU00611,,
NCU02270,,
NCU08898,,
NCU09756,,
NCU05726,,
NCU08197,,
NCU05064,,
NCU04143,,
NCU04451,,
NCU05105,,
NCU09773,,
NCU06503,,
NCU09425,,
NCU09772,,
NCU03952,,
NCU08517,,
NCU02415,,
NCU05721,,
NCU01543,,
NCU05791,,
NCU05859,,
NCU17269,,
NCU09187,,
NCU01498,,
NCU05978,,
NCU00528,,
NCU06459,,
NCU05994,,
NCU03171,,
NCU04576,,
NCU05201,,
NCU04358,,
NCU02063,,
NCU07139,,
NCU06373,,
NCU01886,,
NCU00880,,
NCU09629,,
NCU02630,,
NCU06252,,
NCU08042,,
NCU01311,,
NCU03651,,
NCU00846,,
NCU05524,,
NCU05151,,
NCU07969,,
NCU06957,,
NCU09045,,
NCU04643,,
NCU16913,,
NCU07587,,
NCU04439,,
NCU04650,,
NCU09787,,
NCU09406,,
NCU03461,,
NCU04428,,
NCU06565,,
NCU06608,,
NCU07050,,
NCU05923,,
NCU05985,,
NCU04096,,
NCU00206,,
NCU09296,,
NCU03669,,
NCU08558,,
NCU03870,,
NCU00406,,
NCU00478,,
NCU00492,,
NCU02223,,
NCU03355,,
NCU02034,,
NCU07479,,
NCU03435,,
NCU07192,,
NCU10359,,
NCU05664,,
NCU00142,,
NCU03127,,
NCU09804,,
NCU06557,,
NCU00629,,
NCU09910,,
NCU15831,,
NCU04390,,
NCU03079,,
NCU01053,,
NCU03479,,
NCU07021,,
NCU03387,,
NCU06928,,
NCU01572,,
NCU08753,,
NCU03024,,
NCU06963,,
NCU03648,,
NCU00331,,
NCU09610,,
NCU08899,,
NCU09847,,
NCU08136,,
NCU08397,,
NCU09529,,
NCU09196,,
NCU09598,,
NCU01085,,
NCU09300,,
NCU07389,,
NCU04747,,
NCU09860,,
NCU07487,,
NCU08281,,
NCU09384,,
NCU05577,,
NCU01917,,
NCU08755,,
NCU04343,,
NCU12040,,
NCU00263,,
NCU15832,,
NCU04223,,
NCU04523,,
NCU09906,,
NCU10836,,
NCU08901,,
NCU07894,,
NCU06265,,
NCU06754,,
NCU00070,,
NCU08848,,
NCU05301,,
NCU03480,,
NCU07745,,
NCU04632,,
NCU15834,,
NCU08828,,
NCU07579,,
NCU09566,,
NCU04264,,
NCU05268,,
NCU02590,,
NCU03062,,
NCU00282,,
NCU00085,,
NCU03914,,
NCU06857,,
NCU00730,,
NCU04207,,
NCU02828,,
NCU09188,,
NCU07889,,
NCU03032,,
NCU03121,,
NCU05213,,
NCU09791,,
NCU10400,,
NCU05028,,
NCU10597,,
NCU07082,,
NCU03235,,
NCU10027,,
NCU02406,,
NCU00241,,
NCU03571,,
NCU01387,,
NCU03767,,
NCU07162,,
NCU07221,,
NCU00104,,
NCU01479,,
NCU17154,,
NCU04674,,
NCU00793,,
NCU04848,,
NCU06907,,
NCU06050,,
NCU03458,,
NCU10470,,
NCU02777,,
NCU09241,,
NCU06869,,
NCU08697,,
NCU01033,,
NCU07525,,
NCU09097,,
NCU09812,,
NCU06971,,
NCU06648,,
NCU05349,,
NCU04295,,
NCU02065,,
NCU09253,,
NCU09729,,
NCU00269,,
NCU04104,,
NCU06950,,
NCU07282,,
NCU08045,,
NCU09499,,
NCU09228,,
NCU00717,,
NCU00614,,
NCU04628,,
NCU06342,,
NCU05265,,
NCU16490,,
NCU05648,,
NCU09957,,
NCU04610,,
NCU00984,,
NCU08449,,
NCU08049,,
NCU00869,,
NCU04203,,
NCU04722,,
NCU03814,,
NCU09362,,
NCU03437,,
NCU03305,,
NCU06067,,
NCU05183,,
NCU10529,,
NCU01386,,
NCU03622,,
NCU06752,,
NCU00400,,
NCU00251,,
NCU02626,,
NCU05536,,
NCU01272,,
NCU09595,,
NCU06598,,
NCU02295,,
NCU02539,,
NCU01466,,
NCU07767,,
NCU00430,,
NCU04623,,
NCU02853,,
NCU02497,,
NCU01569,,
NCU03360,,
NCU02592,,
NCU04077,,
NCU07125,,
NCU09068,,
NCU01158,,
NCU02272,,
NCU06944,,
NCU08700,,
NCU04453,,
NCU02583,,
NCU05939,,
NCU01768,,
NCU09503,,
NCU00941,,
NCU06264,,
NCU07909,,
NCU06868,,
NCU04310,,
NCU06352,,
NCU02319,,
NCU09449,,
NCU02284,,
NCU07011,,
NCU04341,,
NCU05603,,
NCU08887,,
NCU00810,,
NCU04133,,
NCU02988,,
NCU09472,,
NCU04851,,
NCU02628,,
NCU04585,,
NCU08147,,
NCU07481,,
NCU05650,,
NCU04757,,
NCU04570,,
NCU09191,,
NCU05239,,
NCU06411,,
NCU16337,,
NCU05270,,
NCU08423,,
NCU09048,,
NCU05185,,
NCU03785,,
NCU07966,,
NCU09903,,
NCU05246,,
NCU05260,,
NCU08658,,
NCU05046,,
NCU06437,,
NCU05858,,
NCU09031,,
NCU09065,,
NCU02978,,
NCU04800,,
NCU02245,,
NCU05360,,
NCU10905,,
NCU03416,,
NCU08763,,
NCU00914,,
NCU05754,,
NCU05154,,
NCU08921,,
NCU00128,,
NCU06605,,
NCU09211,,
NCU04348,,
NCU05013,,
NCU05807,,
NCU01644,,
NCU02276,,
NCU06365,,
NCU04663,,
NCU08674,,
NCU00652,,
NCU03928,,
NCU02696,,
NCU09252,,
NCU02928,,
NCU04786,,
NCU02612,,
NCU07012,,
NCU01659,,
NCU03550,,
NCU04881,,
NCU02354,,
NCU05575,,
NCU00550,,
NCU04088,,
NCU06500,,
NCU04767,,
NCU01382,,
NCU06908,,
NCU08696,,
NCU01349,,
NCU09846,,
NCU04749,,
NCU09064,,
NCU08616,,
NCU01932,,
NCU05219,,
NCU06685,,
NCU08021,,
NCU03808,,
NCU06216,,
NCU06604,,
NCU08283,,
NCU07029,,
NCU04615,,
NCU06583,,
NCU02324,,
NCU01510,,
NCU09469,,
NCU05891,,
NCU08496,,
NCU09482,,
NCU08701,,
NCU09157,,
NCU01206,,
NCU01151,,
NCU02750,,
NCU01461,,
NCU07513,,
NCU04095,,
NCU00238,,
NCU08487,,
NCU07546,,
NCU06109,,
NCU10264,,
NCU01486,,
NCU10143,,
NCU02053,,
NCU00929,,
NCU09162,,
NCU09500,,
NCU01176,,
NCU01193,,
NCU08064,,
NCU05926,,
NCU04569,,
NCU16942,,
NCU07868,,
NCU03514,,
NCU08957,,
NCU01722,,
NCU07534,,
NCU09830,,
NCU04661,,
NCU00152,,
NCU02057,,
NCU02898,,
NCU01009,,
NCU04826,,
NCU02184,,
NCU02994,,
NCU09007,,
NCU04736,,
NCU06696,,
NCU04321,,
NCU04161,,
NCU10009,,
NCU06488,,
NCU00622,,
NCU02051,,
NCU08597,,
NCU07484,,
NCU00124,,
NCU06382,,
NCU05591,,
NCU07276,,
NCU09301,,
NCU01632,,
NCU05502,,
NCU04112,,
NCU00743,,
NCU08420,,
NCU08358,,
NCU06984,,
NCU02347,,
NCU00388,,
NCU07496,,
NCU08056,,
NCU03776,,
NCU08565,,
NCU08023,,
NCU04105,,
NCU02178,,
NCU01187,,
NCU04254,,
NCU01315,,
NCU04021,,
NCU03060,,
NCU04838,,
NCU01789,,
NCU01638,,
NCU08473,,
NCU01105,,
NCU11138,,
NCU06272,,
NCU04472,,
NCU03379,,
NCU07412,,
NCU06930,,
NCU07308,,
NCU03844,,
NCU02068,,
NCU01910,,
NCU01953,,
NCU04871,,
NCU08441,,
NCU07307,,
NCU07863,,
NCU03584,,
NCU10282,,
NCU04548,,
NCU08535,,
NCU02478,,
NCU10346,,
NCU07949,,
NCU00274,,
NCU00949,,
NCU06294,,
NCU01379,,
NCU06468,,
NCU02793,,
NCU14148,,
NCU16019,,
NCU16005,,
NCU16004,,
NCU14131,,
NCU14011,,
NCU14077,,
NCU17319,,
NCU14081,,
NCU16024,,
NCU16201,,
NCU14085,,
NCU14046,,
NCU16026,,
NCU15223,,
NCU15050,,
NCU16017,,
NCU15115,,
NCU16002,,
NCU16011,,
NCU16001,,
NCU16022,,
NCU16021,,
NCU14170,,
NCU14069,,
NCU16018,,
NCU14112,,
NCU15096,,
NCU14171,,
NCU14139,,
NCU15385,,
NCU16010,,
NCU15257,,
NCU14074,,
NCU15178,,
NCU14060,,
NCU15093,,
NCU14089,,
NCU14006,,
NCU14042,,
NCU14113,,
NCU15152,,
NCU14147,,
NCU15398,,
NCU14086,,
NCU15209,,
NCU14061,,
